,D,N1,N2,N3
clusters,1132.0,1219.0,1174.0,1991.0
multi-park,349.0,340.0,329.0,47.0
singletons,783.0,879.0,845.0,1944.0
median parks (multi),3.0,3.0,3.0,2.0
median max walk m (multi),197.7,391.4,336.3,413.6
median street length m,1061.0,986.0,997.0,746.0
median street length m (multi),2430.0,2540.0,2776.0,678.0
median zone area ha,4.97,4.62,4.69,3.52
mean shared street share,0.057,0.195,0.166,0.33
clusters with no street reach,25.0,31.0,30.0,30.0
median buffer zone area ha,7.11,6.68,6.77,4.68
multi-park clusters touching a top-5% main street,0.45,0.468,0.465,0.085
