definition,alternative,n_settings,ARI_groups,iso_r,d_iso
N1abs,"exclude restricted (Garden, JOP)",24,0.8099316188051743,0.8377124876130245,0.06520715630885127
N1abs,exclude street-embedded,24,0.6673132441377527,0.9109022139640924,0.03309078309078306
N1abs,union with E0,24,0.8513953799612592,0.8419114237618444,-0.037771285475793004
N1rel,"exclude restricted (Garden, JOP)",2,0.6586331431994874,0.9203381033913787,0.019774011299435026
N1rel,exclude street-embedded,2,0.7583095599632513,0.9255485655834235,0.01975051975051975
N1rel,union with E0,2,0.7752701232491244,0.7633060988889441,-0.035058430717863104
N2,"exclude restricted (Garden, JOP)",18,0.9363796469549486,0.9773188945817078,0.011613308223477836
N2,exclude street-embedded,18,0.7823991526384744,0.9800969609076308,0.0057750057750057815
N2,union with E0,18,0.5154229982126325,0.4376479488894508,-0.25449823780374703
N3,"exclude restricted (Garden, JOP)",16,0.29402127242870274,0.7946154542653311,0.033368644067796605
N3,exclude street-embedded,16,1.0,0.9928889201907903,0.005717255717255676
N3,union with E0,16,0.24651368124887954,0.36957066961186796,-0.27462437395659434
