method,groups,parks_in_groups,size_median,size_max,extent_median_km,extent_p90_km,extent_max_km,groups_over_3km,max_walk_median_m,groups_over_walk_limit,robust_isolated
N1abs γ=1,116,416,3.0,15,0.48281486362533266,0.8129942934188905,1.2766977195799891,0,426.6651916503906,0,14
N1abs γ=2,120,415,3.0,15,0.48281486362533266,0.8095388187935022,1.2766977195799891,0,414.60589599609375,0,14
N1abs γ=4,120,406,3.0,15,0.5181458083060457,0.8173534160421472,1.2766977195799891,0,414.60589599609375,0,14
N2,125,450,3.0,17,0.5273010851944316,0.8108219444022989,1.7767182824455705,0,460.167236328125,0,93
N3,18,39,2.0,4,0.5369522448512392,0.7563666913599327,0.9537761127036287,0,482.49671936035156,0,481
D,134,538,3.0,13,0.4528973822903841,0.7325119802415929,1.1713612876174682,0,368.47215270996094,0,11
N1abs γ=1 (no walk limit),62,429,3.0,43,0.6614434894185832,2.2101320650907414,3.8186785667055525,3,607.6632385253906,21,14
N1abs γ=2 (no walk limit),70,430,3.0,37,0.6900609350800959,2.1073926681489037,3.8186785667055525,1,672.5668029785156,26,14
N1abs γ=4 (no walk limit),77,429,4.0,19,0.7177746854285859,2.0879390887043714,2.833348572882891,0,696.10888671875,30,14
N2 (no walk limit),75,469,3.0,37,0.8085925638180643,1.9175347163882452,4.47560958540572,2,737.9317016601562,32,93
N3 (no walk limit),22,52,2.0,4,0.6393633973707077,1.72788306004241,2.32784017157199,0,658.5294799804688,8,481
D (no walk limit),72,548,4.0,37,0.636037208871715,1.769994174874823,2.744952636436738,0,690.6432495117188,33,11
