method,groups,parks_in_groups,size_median,size_max,extent_median_km,extent_p90_km,extent_max_km,groups_over_3km,max_walk_median_m,groups_over_walk_limit,robust_isolated,walk_limit_m,walk_min
N1abs γ=1,119,348,2.0,10,0.29633160580753043,0.5186231903045344,0.7876231552218109,0,216.51400756835938,0,14,400,5
N1abs γ=2,120,343,2.0,10,0.30219218070523923,0.49802888348316365,0.7876231552218109,0,215.80541229248047,0,14,400,5
N1abs γ=4,120,335,2.0,10,0.29049694186758923,0.5193386584084765,0.7876231552218109,0,198.8587188720703,0,14,400,5
N2,125,369,2.0,9,0.31345792325501576,0.5130217726899204,1.1713612876174682,0,228.35952758789062,0,93,400,5
N3,8,16,2.0,2,0.1994161814984055,0.34898204108508624,0.4038610655043439,0,127.05544662475586,0,481,400,5
D,177,497,2.0,9,0.282030929623481,0.4937319572083088,1.1713612876174682,0,233.8215789794922,0,11,400,5
N1abs γ=1,116,416,3.0,15,0.48281486362533266,0.8129942934188905,1.2766977195799891,0,426.6651916503906,0,14,800,10
N1abs γ=2,120,415,3.0,15,0.48281486362533266,0.8095388187935022,1.2766977195799891,0,414.60589599609375,0,14,800,10
N1abs γ=4,120,406,3.0,15,0.5181458083060457,0.8173534160421472,1.2766977195799891,0,414.60589599609375,0,14,800,10
N2,125,450,3.0,17,0.5273010851944316,0.8108219444022989,1.7767182824455705,0,460.167236328125,0,93,800,10
N3,18,39,2.0,4,0.5369522448512392,0.7563666913599327,0.9537761127036287,0,482.49671936035156,0,481,800,10
D,134,538,3.0,13,0.4528973822903841,0.7325119802415929,1.1713612876174682,0,368.47215270996094,0,11,800,10
N1abs γ=1,96,423,3.0,18,0.6524306162230256,1.0274947900936837,1.4578526463623225,0,581.5573120117188,24,14,1200,15
N1abs γ=2,101,425,3.0,15,0.6511084154322193,1.0096397497052896,1.4578526463623225,0,578.0894775390625,26,14,1200,15
N1abs γ=4,100,420,3.0,18,0.6556571738004874,1.0684929167840902,1.4578526463623225,0,607.6632385253906,30,14,1200,15
N2,109,463,3.0,18,0.6548670488893044,1.0455193868653496,1.7767182824455705,0,585.302734375,28,93,1200,15
N3,21,46,2.0,4,0.570068019473248,1.0838077237698531,1.2155390204499437,0,553.7923583984375,4,481,1200,15
D,101,544,4.0,17,0.6430289346204404,1.044756318977073,1.7767182824455705,0,676.3424072265625,36,11,1200,15
