,ax_connectivity,ax_int_n,ax_int_r3,ax_int_r5,ax_int_r7,ax_choice_log,nain_400,nain_800,nain_1600,nain_3200,nach_400,nach_800,nach_1600,nach_3200
ax_connectivity,1.0,0.388,0.849,0.739,0.672,0.781,0.644,0.678,0.654,0.612,0.552,0.652,0.695,0.702
ax_int_n,0.388,1.0,0.546,0.59,0.595,0.282,0.378,0.456,0.521,0.564,0.197,0.228,0.265,0.286
ax_int_r3,0.849,0.546,1.0,0.963,0.914,0.664,0.647,0.744,0.79,0.785,0.396,0.491,0.563,0.592
ax_int_r5,0.739,0.59,0.963,1.0,0.983,0.564,0.596,0.711,0.8,0.83,0.316,0.395,0.472,0.509
ax_int_r7,0.672,0.595,0.914,0.983,1.0,0.501,0.553,0.666,0.775,0.83,0.278,0.342,0.415,0.455
ax_choice_log,0.781,0.282,0.664,0.564,0.501,1.0,0.436,0.468,0.46,0.434,0.472,0.596,0.674,0.712
nain_400,0.644,0.378,0.647,0.596,0.553,0.436,1.0,0.864,0.711,0.624,0.569,0.59,0.591,0.58
nain_800,0.678,0.456,0.744,0.711,0.666,0.468,0.864,1.0,0.888,0.781,0.437,0.558,0.6,0.607
nain_1600,0.654,0.521,0.79,0.8,0.775,0.46,0.711,0.888,1.0,0.909,0.342,0.452,0.561,0.575
nain_3200,0.612,0.564,0.785,0.83,0.83,0.434,0.624,0.781,0.909,1.0,0.281,0.372,0.473,0.536
nach_400,0.552,0.197,0.396,0.316,0.278,0.472,0.569,0.437,0.342,0.281,1.0,0.864,0.716,0.608
nach_800,0.652,0.228,0.491,0.395,0.342,0.596,0.59,0.558,0.452,0.372,0.864,1.0,0.906,0.8
nach_1600,0.695,0.265,0.563,0.472,0.415,0.674,0.591,0.6,0.561,0.473,0.716,0.906,1.0,0.938
nach_3200,0.702,0.286,0.592,0.509,0.455,0.712,0.58,0.607,0.575,0.536,0.608,0.8,0.938,1.0
