,pop_density,job_density,median_income,ba_share,commercial_zoning_share,floor_area_ratio,com_floor_share,n400_pop,n400_jobs,subway_dist_m,parkland_400m_ha,park_acres,ax_int_r3_mean,nain_800_mean,nach_1600_mean
pop_density,1.0,0.436,-0.254,0.023,0.347,0.718,-0.026,0.81,0.512,-0.45,-0.009,-0.241,0.398,0.263,0.185
job_density,0.436,1.0,0.054,0.293,0.461,0.595,0.441,0.504,0.783,-0.413,-0.099,-0.102,0.357,0.213,0.24
median_income,-0.254,0.054,1.0,0.788,-0.053,0.003,-0.077,-0.257,0.028,0.074,-0.038,0.072,0.02,-0.02,-0.073
ba_share,0.023,0.293,0.788,1.0,0.075,0.253,-0.026,0.038,0.315,-0.139,0.041,0.022,0.197,-0.008,0.024
commercial_zoning_share,0.347,0.461,-0.053,0.075,1.0,0.438,0.387,0.378,0.417,-0.414,-0.136,-0.195,0.342,0.286,0.29
floor_area_ratio,0.718,0.595,0.003,0.253,0.438,1.0,0.147,0.672,0.638,-0.497,-0.041,-0.198,0.379,0.257,0.146
com_floor_share,-0.026,0.441,-0.077,-0.026,0.387,0.147,1.0,0.107,0.328,-0.185,-0.12,0.001,0.153,0.121,0.256
n400_pop,0.81,0.504,-0.257,0.038,0.378,0.672,0.107,1.0,0.636,-0.542,0.015,-0.084,0.417,0.273,0.224
n400_jobs,0.512,0.783,0.028,0.315,0.417,0.638,0.328,0.636,1.0,-0.496,-0.066,-0.058,0.36,0.212,0.238
subway_dist_m,-0.45,-0.413,0.074,-0.139,-0.414,-0.497,-0.185,-0.542,-0.496,1.0,0.042,0.157,-0.312,-0.233,-0.183
parkland_400m_ha,-0.009,-0.099,-0.038,0.041,-0.136,-0.041,-0.12,0.015,-0.066,0.042,1.0,0.409,-0.232,-0.448,-0.159
park_acres,-0.241,-0.102,0.072,0.022,-0.195,-0.198,0.001,-0.084,-0.058,0.157,0.409,1.0,-0.218,-0.265,-0.125
ax_int_r3_mean,0.398,0.357,0.02,0.197,0.342,0.379,0.153,0.417,0.36,-0.312,-0.232,-0.218,1.0,0.696,0.555
nain_800_mean,0.263,0.213,-0.02,-0.008,0.286,0.257,0.121,0.273,0.212,-0.233,-0.448,-0.265,0.696,1.0,0.568
nach_1600_mean,0.185,0.24,-0.073,0.024,0.29,0.146,0.256,0.224,0.238,-0.183,-0.159,-0.125,0.555,0.568,1.0
